Latitude,Longitude,radius,risk
53.480556,-1.441674,1,8
53.500289,-1.673575,0,2
51.084022,-0.214597,0,8
51.701508,-0.747539,0,3
51.618838,0.173236,0,9
51.730021,0.040992,9,6
51.885257,-0.156869,9,9
55.591879,-1.854785,0,8
55.58067,-1.645446,2,4
55.350136,-2.171067,0,7
55.312483,-1.909373,3,8
55.347002,-1.630189,3,9
55.174997,-1.521877,4,3
55.154354,-1.944254,5,1
55.207377,-2.040032,5,8
55.237908,-1.918977,3,5
55.033951,-1.969453,0,6
55.132825,-1.538065,1,9
55.047076,-1.446712,4,7
55.255608,-2.540374,3,0
55.143004,-2.375693,1,4
55.320859,-2.396284,1,4
54.742208,-2.378185,8,9
51.674733,-1.9904,4,4
54.774946,-2.516845,0,9
54.820161,-2.445834,4,3
54.871077,-2.52275,9,3
51.650724,-1.973061,5,0
54.97002,-2.500603,3,4
54.804602,-2.221644,6,7
51.632205,-2.007169,5,0
54.960162,-2.160033,9,8
55.01952,-1.881881,6,5
55.000299,-1.68497,2,3
51.61322,-1.87404,0,4
54.860973,-1.670477,5,3
51.646694,-1.865536,9,5
55.033344,-1.614307,1,6
54.938987,-1.393566,7,2
54.747962,-2.235316,0,4
55.049407,-1.741713,1,5
54.761631,-1.902834,9,8
54.624106,-1.870637,7,4
54.610418,-1.740626,0,6
54.829815,-1.807716,8,6
54.894495,-1.489343,1,2
54.823818,-1.36572,5,9
54.760776,-1.340287,3,5
51.724451,-1.972293,0,3
54.701508,-1.198486,1,5
54.656189,-2.285935,2,3
54.683225,-2.252002,1,6
51.673897,-1.934146,7,9
54.560368,-1.983723,1,3
54.504568,-2.141258,0,9
51.665333,-1.891795,4,7
54.526112,-1.506309,7,0
51.553565,-1.803214,5,2
54.469846,-1.099639,1,3
51.571821,-1.816698,0,8
51.246536,0.022379,6,0
54.633845,-1.480219,4,8
54.543358,-1.201588,6,1
54.596104,-1.039588,0,0
54.518191,-0.964175,2,4
54.505434,-0.84558,8,5
51.500306,0.181352,4,8
54.541989,-0.815179,3,8
54.517093,-0.752561,2,3
54.486239,-0.724171,3,8
54.438313,-0.976984,4,8
54.344552,-0.754715,9,2
54.408361,-0.754323,7,7
54.434842,-0.550006,7,6
54.27325,-0.422074,9,7
54.204227,-0.30358,7,8
54.297778,-1.167931,8,4
54.107252,-0.128568,8,1
51.64017,-1.826539,6,6
54.100377,-0.208409,1,1
54.04064,-0.241524,7,3
53.6913,-0.031959,4,4
53.983799,-0.227143,5,5
53.867134,-0.367439,4,8
53.805201,-0.309101,7,3
53.999217,-0.43093,5,0
53.719928,-0.676248,6,1
51.710647,-1.889951,0,3
54.275194,-2.263325,9,8
54.31489,-2.180572,5,8
51.654587,-1.849612,3,6
54.130296,-1.656404,1,0
51.132785,0.453941,4,8
54.379686,-2.105419,1,4
54.413883,-1.988402,2,0
54.409101,-1.735735,9,3
51.667039,-1.816893,8,1
54.318976,-1.637925,3,7
54.419203,-1.515299,7,8
54.382707,-1.394093,4,4
54.32908,-1.456389,6,0
52.045084,-2.752202,5,8
52.061919,-2.659977,0,2
52.220498,-2.984666,8,3
52.276841,-2.932709,2,9
52.081299,-2.563805,1,0
52.226571,-2.730348,3,5
51.928793,-2.524006,1,8
52.137017,-2.488532,2,3
52.069153,-2.743532,5,6
52.191185,-2.501355,5,0
52.191958,-2.718663,3,2
54.364209,-1.297407,4,9
52.051748,-2.720173,8,0
52.096497,-2.969481,0,7
52.026391,-2.629867,9,4
51.915339,-2.587573,1,8
52.223407,-2.851042,4,8
52.221039,-2.984386,8,6
54.073241,-1.337477,5,4
51.663588,-1.749677,9,6
54.18467,-1.901124,9,0
53.979278,-1.646973,1,0
53.966652,-1.115089,9,5
54.218703,-2.195488,9,0
54.163943,-2.152346,8,4
54.071438,-1.913617,6,8
51.799654,-1.885239,9,0
53.876425,-1.532241,1,8
51.761338,-1.835711,5,8
51.761248,-1.835566,6,5
51.754535,-1.825522,5,7
51.709394,-1.783971,6,3
54.368186,-0.974109,6,3
51.68931,-1.678796,6,1
54.244415,-0.80684,0,3
51.569689,-1.735909,9,6
51.563545,-1.722961,4,2
51.616448,-1.666745,1,1
54.100116,-2.164345,3,0
53.911448,-2.098144,1,4
53.986087,-1.999194,0,1
53.947438,-2.020525,1,7
51.266892,0.857627,5,2
53.829697,-1.976406,7,6
53.79732,-1.924807,4,3
53.787777,-1.627332,2,5
53.83349,-1.58894,7,6
53.70469,-2.135531,8,1
53.798228,-2.056887,0,3
53.77754,-2.084173,0,6
53.636457,-2.005248,3,4
53.657107,-1.925056,6,8
53.772138,-1.90361,2,5
53.592394,-1.929702,1,4
53.552738,-1.824111,5,4
53.60567,-1.766463,1,6
51.670899,-1.700313,7,9
53.698015,-1.667505,5,4
53.679365,-1.478411,5,6
53.367029,-1.59795,7,6
53.324572,-1.539797,0,8
53.352459,-1.545506,9,0
53.194682,-1.434915,6,7
53.250698,-1.498624,5,8
53.366844,-1.351488,2,5
53.571934,-1.588459,6,0
53.527019,-1.385249,9,1
53.591095,-1.271011,5,8
51.692891,-1.672984,5,7
51.68119,-1.668729,4,2
51.690894,-1.607898,3,1
51.699764,-1.573094,5,7
51.698716,-1.534037,6,5
51.189651,0.160853,2,8
51.70718,-1.465193,8,9
51.719421,-1.588977,4,7
51.72466,-1.54887,4,1
51.251014,1.322456,3,9
51.207877,1.383789,9,9
51.280821,1.073832,4,2
51.886693,-1.767911,1,1
51.294661,1.108973,9,0
51.874767,-1.740083,8,5
52.309441,-1.774803,2,2
52.362576,-1.508732,5,5
51.793689,-1.564378,5,4
52.186855,-1.418519,7,7
51.789786,-1.484269,7,7
52.174506,-1.736002,5,5
52.067173,-1.611177,3,8
51.713499,-1.420988,9,5
51.713499,-1.420988,8,3
51.716858,-1.374624,1,9
51.757544,-1.366384,1,6
51.761748,-1.362413,6,4
51.684691,-2.162673,9,4
51.799795,-2.148586,0,6
51.099225,1.00828,9,4
52.031946,-2.435056,2,6
52.718322,-2.717219,9,6
51.875411,-2.019556,5,5
51.777374,-2.093434,2,6
52.417004,-1.12584,2,2
52.205609,-1.605581,9,4
52.343809,-1.955178,4,0
51.774692,-1.356854,8,4
51.988876,-1.697906,1,6
51.95095,-1.679842,6,7
51.865237,-1.618104,4,9
51.861678,-1.594363,2,5
51.085655,1.177662,7,6
51.864215,-1.356609,8,8
51.786053,-1.351198,8,5
51.786053,-1.351198,0,8
51.789307,-1.306931,0,3
51.776669,-1.298428,5,6
51.74909,-1.272781,6,5
52.596394,-2.471631,7,2
52.589321,-2.78744,2,5
52.863499,-3.123644,0,3
52.718219,-2.570654,9,4
52.424304,-3.172736,4,7
52.167771,-1.212815,7,9
52.59735,-3.029712,9,7
52.47914,-2.975413,9,4
52.325619,-2.226643,0,5
52.08027,-1.319158,5,9
52.081936,-1.321103,8,3
52.114915,-1.315184,3,5
52.066379,-1.333286,8,2
52.017279,-1.380792,6,7
52.028582,-1.326852,3,4
51.920573,-1.306366,0,6
51.861393,-1.30321,9,8
51.861438,-1.303137,9,6
51.840425,-1.30005,4,9
51.884491,-1.012852,1,3
51.861059,-1.119228,3,4
51.895439,-1.13585,9,7
51.874246,-1.18499,0,2
51.819783,-1.242178,8,3
51.750579,-1.24661,7,1
51.756247,-1.238765,1,7
51.72955,-1.239792,3,0
51.708312,-1.232825,6,7
51.670388,-1.268257,6,8
50.968109,-1.497147,2,2
52.541438,-2.193841,8,2
52.05292,-2.737138,9,6
52.224678,-2.731196,0,8
51.952233,-2.735485,9,4
51.753242,-1.290099,6,4
51.752648,-1.281126,7,8
51.740477,-1.259957,8,2
51.730973,-1.251352,6,2
51.684602,-1.282696,5,1
51.683092,-1.268125,0,8
52.016552,-2.653481,0,6
52.639137,-2.325793,3,5
52.84224,-2.872181,2,8
52.392235,-1.324715,6,4
51.632965,-1.505814,6,6
52.806646,-2.49764,6,1
52.481743,-2.579368,1,4
51.588848,-1.431205,1,7
51.64711,-1.451462,9,7
52.140634,-1.974376,8,8
52.051393,-1.762976,3,6
51.565511,-1.460667,9,1
52.199933,-2.097246,7,1
52.288216,-1.222206,3,8
52.911156,-2.637129,6,2
51.571482,-1.449342,1,2
52.222319,-2.17488,8,7
52.338976,-2.542273,7,1
51.666656,-1.305189,6,0
52.307409,-2.728158,0,7
52.518531,-2.881966,4,0
51.87509,-2.275208,8,4
51.621195,-1.323534,6,6
51.6506,-1.267131,9,4
51.648617,-1.210808,6,0
51.89986,-2.41343,3,0
51.749956,-2.336734,0,9
52.481443,-1.558947,1,5
52.708345,-2.980518,1,0
52.178577,-2.411624,3,6
50.811276,0.219288,2,2
51.638206,-1.179444,7,6
51.850671,-0.772585,0,9
51.826251,-0.856541,5,6
51.819387,-0.786131,5,6
51.78506,-0.75797,4,9
51.824471,-0.789114,0,1
51.817792,-0.801624,7,3
52.080849,-2.563945,1,7
51.795602,-0.944321,6,5
51.753138,-0.982253,2,7
51.740637,-1.115198,2,5
51.663282,-1.075268,5,6
51.675126,-1.132094,2,3
51.641035,-1.163757,9,9
51.619653,-1.073786,0,4
52.383563,-2.322438,3,4
51.617191,-1.116011,1,7
52.092165,-1.942876,7,0
50.82568,0.175071,8,1
51.529995,-1.135937,1,8
51.523317,-1.141252,8,5
52.354922,-1.514617,6,0
51.486605,-1.088869,7,9
52.724474,-2.872198,5,1
52.313207,-2.591539,2,5
52.153735,-1.697245,8,9
52.255374,-2.193909,5,4
52.706629,-2.60558,3,7
52.114425,-2.108012,8,2
52.723597,-2.609812,6,3
51.909034,-2.32673,7,0
52.678113,-2.791698,5,1
52.340881,-1.512833,5,4
52.76777,-2.839715,2,8
51.573061,-1.233747,9,3
52.100775,-1.910164,9,7
52.555203,-2.376056,9,3
51.740019,-2.24687,9,6
52.198971,-2.389281,8,8
52.049661,-2.200744,2,0
52.385318,-2.337878,3,4
52.064842,-1.966688,7,3
52.794313,-3.110292,4,3
52.32,-2.523849,9,9
52.781029,-2.474812,8,5
52.639315,-2.326238,1,3
52.197687,-1.602579,5,0
52.286203,-1.549042,4,7
52.316208,-1.431466,5,3
52.879618,-2.55338,7,2
52.405995,-2.80328,7,7
51.948918,-2.227065,5,1
52.473154,-2.197148,5,3
52.51274,-2.205945,4,4
51.922936,-2.265002,2,1
52.709797,-2.75808,3,1
52.457997,-2.140347,7,1
52.461315,-2.207471,3,5
52.179799,-2.225461,0,9
52.177055,-2.28833,7,7
52.00171,-2.163093,3,1
52.395138,-1.173153,7,3
52.38548,-1.26252,2,3
52.284932,-1.562658,9,2
52.062264,-1.622014,3,2
52.191595,-1.70123,2,3
52.274092,-1.88959,3,7
52.247533,-1.793996,0,0
52.10744,-2.07193,5,0
51.998663,-2.155508,9,2
51.850206,-2.336612,4,3
51.105481,0.116212,4,7
52.180399,-1.87505,6,0
52.344778,-3.043943,1,2
52.421794,-1.255694,8,3
51.764493,-2.556805,9,2
52.714919,-2.749968,6,4
52.03494,-2.116566,6,6
52.417908,-1.54648,6,2
52.211373,-2.215962,0,9
52.359087,-2.876144,3,1
52.126787,-2.056054,8,8
52.636354,-2.524962,3,4
51.885938,-2.052672,2,4
51.453438,-1.228555,6,8
51.435635,-1.201665,9,2
51.797035,-2.348106,6,6
51.864982,-2.252201,6,5
52.381603,-2.724237,5,0
52.754258,-2.534083,7,7
52.735739,-2.994315,1,0
52.534933,-2.415835,2,2
51.468325,-1.08539,1,9
51.926224,-2.197575,6,5
51.484688,-1.087539,1,8
51.717437,-2.482837,8,4
51.462237,-1.077263,4,7
51.486033,-1.039654,5,6
52.141002,-1.689543,1,3
51.461325,-0.967884,2,8
51.460811,-0.963635,2,2
51.450901,-1.859793,9,3
51.724364,-2.200326,4,3
51.746918,-2.217953,8,6
52.440197,-1.475212,1,5
52.446651,-1.487391,8,3
51.416287,-1.732479,8,5
52.40689,-1.522294,5,5
52.39358,-1.551005,4,9
52.396604,-1.591684,4,3
52.401988,-1.495801,2,3
51.427238,-1.724504,8,9
51.896062,-2.069746,8,1
51.832287,-2.270144,8,2
51.747599,-2.214291,6,1
52.309779,-2.59384,7,7
52.298087,-2.55805,7,1
51.437409,-1.576981,2,4
51.436872,-1.577706,1,3
51.414788,-1.539372,1,3
51.412847,-1.526019,0,7
51.401605,-1.323874,1,6
51.508084,-1.530219,9,4
51.497183,-1.511619,5,4
52.08804,-2.446839,0,9
51.824551,-2.297854,2,6
51.868901,-2.196147,5,4
51.868695,-2.195623,8,6
51.422436,-1.350461,0,1
52.664358,-2.905911,8,0
52.394519,-2.253581,9,9
51.85196,-2.18652,2,4
51.835524,-2.26623,0,2
51.819013,-2.28698,8,8
51.411884,-1.321048,2,3
51.863183,-2.221361,8,7
51.856617,-2.227456,7,7
51.697286,-2.218553,6,2
51.325621,-1.249358,3,4
51.893887,-2.068696,7,7
51.848593,-2.220433,2,1
51.379146,-1.185549,5,7
51.385195,-1.002649,0,1
51.456172,-0.954614,2,7
51.473138,-0.917727,5,3
51.501042,-0.886307,1,4
51.85366,-2.578653,5,1
50.83729,-0.377415,6,5
51.600133,0.258985,5,7
51.722932,0.136235,2,2
51.736595,0.223782,6,0
51.677024,0.235326,4,1
51.664377,0.040933,0,4
51.575345,0.041271,7,9
51.527809,0.085279,8,5
51.278294,-1.045224,5,0
51.884151,-0.454782,2,6
51.813497,-0.287465,4,1
51.775264,-0.196143,5,8
51.937159,-0.384591,8,0
51.296962,-1.056426,4,1
51.873475,-0.269208,1,3
51.3188,-1.019874,1,4
51.950719,-0.145455,5,8
51.871184,-0.064476,6,3
51.97304,-0.025147,9,3
51.237339,-0.736289,2,0
51.381826,-0.966655,5,7
51.381826,-0.966655,8,9
51.38187,-0.966582,9,7
51.291321,-0.774462,8,3
51.832287,-2.270144,6,4
51.807828,-0.03963,6,7
51.29741,-0.739058,3,7
51.827809,0.054118,9,3
51.965517,0.147752,8,8
51.897439,0.182296,4,7
51.330889,-0.775604,8,3
51.306404,-0.772253,8,9
51.866534,0.247617,9,8
51.356292,-0.888384,9,9
51.805204,0.20975,9,2
51.769108,0.016666,9,6
51.263973,-0.950093,7,7
51.727077,-0.10539,2,8
51.588712,-0.112596,2,7
51.232867,-0.864146,5,8
51.237321,-0.859739,0,2
51.262934,-0.867562,2,3
51.32671,-0.917374,8,7
51.501145,-0.205547,6,9
51.610639,-0.312441,1,1
51.569374,-0.257694,7,9
51.377564,-0.952526,6,6
51.377564,-0.952526,3,6
51.67255,-0.366544,5,9
51.550032,-0.415648,6,1
51.403467,-0.933245,2,1
51.479469,-0.451216,4,9
51.426522,-0.898188,0,4
51.672207,-1.952948,7,4
51.40345,-0.836924,7,3
51.484806,-0.880942,3,9
51.528776,-0.885703,4,6
51.568666,-1.811661,3,4
51.55135,-0.808421,1,0
51.567382,-0.769176,5,9
51.91699,-2.086745,1,1
51.857643,-2.180344,8,4
51.753386,-2.322244,5,1
51.699985,-2.360238,3,1
52.306762,-2.076947,0,0
51.689762,-1.679516,0,9
51.826782,-1.862825,0,8
52.462884,-2.061427,5,5
52.231172,-2.743719,3,6
52.233318,-2.73409,5,0
51.878717,-1.737736,7,4
51.794582,-1.562775,6,8
51.774757,-1.357157,4,5
51.627385,-0.748786,2,9
52.300223,-2.751592,6,7
51.938474,-1.573015,3,0
51.767788,-2.179956,2,8
51.635466,-0.76901,5,0
51.749085,-1.272057,1,1
52.168732,-1.235988,4,3
51.635574,-0.753691,8,9
52.072227,-1.333928,8,8
51.571155,-0.708557,4,5
51.886777,-1.156503,0,0
51.560993,-0.694635,8,8
51.63431,-1.505077,5,5
51.532713,-0.699466,3,7
51.730432,-2.362218,2,1
51.529307,-0.697199,1,7
51.524146,-0.702103,3,2
51.969234,-2.193572,2,8
51.996906,-2.373352,7,0
51.509305,-0.69032,7,3
52.65661,-2.716578,6,8
52.313513,-1.314911,6,5
51.653876,-1.288038,1,3
52.417555,-1.126182,7,0
52.260974,-1.408027,4,6
51.436318,-0.747222,1,2
52.164097,-1.857348,3,0
52.158602,-2.219449,4,0
51.772802,-0.689041,7,4
51.723887,-2.130978,0,9
51.887415,-2.252167,3,6
51.887632,-2.251427,5,6
51.825767,-0.852925,7,3
51.433827,-0.773574,7,6
52.29694,-1.777373,9,0
52.36409,-2.706474,9,8
52.248746,-1.994455,9,3
52.352672,-1.567041,4,0
51.72971,-2.534804,3,0
52.311774,-2.625404,7,3
51.890714,-2.066105,9,7
51.741752,-1.120101,4,6
52.509532,-2.429445,6,6
52.394857,-3.160345,4,7
52.582389,-2.192192,5,0
52.206967,-2.235272,9,5
51.617635,-1.115281,2,3
51.888033,-2.253216,1,7
52.28899,-2.418688,4,0
51.999754,-1.952083,0,7
51.532367,-1.135676,3,8
52.387107,-1.128914,6,9
51.91358,-2.100884,4,2
51.543602,-1.343114,3,2
51.88594,-2.093645,9,0
51.889602,-2.062354,0,2
51.465368,-1.197403,2,5
51.528985,-0.716959,5,6
51.907359,-2.061419,8,9
51.840037,-2.142115,4,8
51.840929,-2.202237,4,5
51.412945,-1.726028,8,9
51.85211,-2.233328,8,7
51.834606,-2.193371,3,1
52.67455,-2.379329,8,2
51.848419,-2.217412,0,7
51.883138,-2.061691,6,9
51.388049,-1.53073,6,1
51.53833,-1.56235,1,7
51.462587,-1.327004,6,4
51.506197,-0.710164,6,0
51.345161,-1.239706,3,7
51.491873,-0.604104,9,2
51.991326,-2.162837,6,3
51.485795,-0.589124,2,5
51.438166,-0.537257,2,0
51.463198,-0.569077,8,6
52.5405,-2.801605,7,7
50.759531,-0.787028,8,2
52.531154,-2.204277,0,8
51.292403,-1.035495,4,8
52.04668,-1.963362,9,6
51.330311,-0.763419,0,7
51.667285,-0.923447,6,9
51.440044,-0.766213,7,7
51.54306,-0.500973,5,5
51.718037,-0.217242,4,7
51.755019,-0.285332,3,7
51.828295,-0.446536,2,5
51.686586,-0.341445,5,9
51.690006,-0.530846,4,4
51.396984,-0.540252,5,6
51.602909,-0.384264,4,4
51.597129,-0.381769,1,0
51.589297,-0.381167,8,9
51.58453,-0.439448,9,0
51.58043,-0.426065,1,4
51.226121,-0.774805,8,0
51.682315,-0.315607,7,5
51.706896,-0.217824,8,6
51.718066,-0.219123,0,1
51.119894,-0.851916,6,8
51.838108,-0.461149,2,2
51.719476,-0.289861,6,3
51.794792,-0.393076,0,2
51.793132,-0.396615,3,0
51.704664,-0.336052,0,9
51.668568,-0.287687,8,9
51.143947,-0.512508,6,0
51.256125,-0.566214,8,5
51.280335,-0.635718,6,8
52.735118,-2.960681,1,3
51.670654,-0.380235,1,7
52.74738,-2.971662,4,0
52.779686,-3.037866,7,7
52.747481,-2.972523,7,0
51.341055,-0.599459,5,9
51.757619,-0.475391,8,2
51.744674,-0.49654,1,0
51.741057,-0.47337,1,1
51.178085,-0.133707,2,4
51.645553,-0.436992,1,5
51.702625,-0.614039,4,3
51.553414,-0.479617,9,1
51.288167,-0.337196,1,2
51.641989,-0.46125,5,5
51.635575,-0.443997,5,9
51.400709,-0.284238,2,7
51.477931,-0.504592,9,0
51.56631,-0.483905,1,8
51.362722,-0.209526,6,6
52.217941,-2.213213,2,7
51.449283,-0.224851,3,4
51.677124,-0.650282,9,7
51.308021,-0.16144,4,2
51.344874,-0.103964,4,4
51.380452,-0.135546,5,4
51.415955,-0.162865,3,4
51.567599,-0.49112,8,9
51.569085,-0.489873,7,7
51.4214,-0.109429,3,2
51.559236,-0.484082,3,1
51.549497,-0.482704,7,5
51.529235,-0.488741,5,3
51.518153,-0.498245,1,8
52.695461,-2.324363,5,4
51.349274,0.009666,4,2
51.500923,-0.482762,5,8
51.598796,-0.376829,4,3
51.565274,-0.452775,7,6
51.547893,-0.46447,1,4
51.533611,-0.47115,3,9
51.476541,-0.017866,6,6
51.509078,-0.47713,9,2
51.477287,-0.51406,9,0
51.466242,-0.501779,0,3
51.440219,-0.535292,9,0
51.45237,-0.520468,5,1
51.43615,-0.514892,8,0
51.47174,-0.53123,3,1
52.369692,-2.062663,5,7
51.437123,-0.512241,7,5
52.176016,-1.583205,8,6
51.507135,0.134772,0,4
51.431611,-0.512248,2,9
51.414528,-0.499731,0,9
51.280521,0.134285,7,7
51.390617,-0.48637,0,7
51.382892,-0.458071,6,1
51.367354,0.204407,5,3
51.367559,0.09523,7,1
51.458979,0.11237,9,8
52.062065,-2.124922,3,4
51.399312,-0.56131,7,6
51.402823,-0.539779,7,5
51.410875,-0.515797,3,9
51.389272,-0.506291,8,4
51.386331,-0.501357,5,9
51.361518,-0.689296,2,7
51.206865,0.129446,8,6
51.349005,-0.602519,1,9
51.344527,-0.604091,3,9
51.374167,-0.478479,3,1
51.13979,-0.960059,8,0
51.373888,1.173263,1,1
51.149557,-0.976568,4,7
51.150372,-0.96697,6,8
52.886657,-2.182004,5,4
52.808314,-1.74405,7,5
51.140148,-0.959908,3,1
51.131926,0.967934,5,6
51.209424,-0.803594,6,2
52.701554,-2.119078,6,1
52.79928,-2.275079,1,1
51.101202,-0.825956,8,6
51.14197,-0.824708,0,0
51.181979,-0.750222,1,6
51.098221,1.155768,4,9
51.188851,-0.617671,3,5
51.192355,-0.598504,6,3
52.730505,-1.571247,7,0
51.19848,-0.584392,7,8
51.121978,-0.510356,0,1
51.142186,-0.480399,6,3
51.206896,-0.57032,0,2
51.264494,-0.544883,3,9
51.210841,-0.504627,5,8
51.287835,-0.505999,9,0
51.306994,-0.537112,6,0
51.220824,-0.569459,6,0
51.236036,-0.578011,6,5
51.302063,-0.543308,3,4
51.294424,-0.57291,3,2
51.346115,-0.465049,6,0
51.37248,-0.466322,1,8
52.615214,-2.152813,7,5
52.807639,-1.889433,5,7
52.830414,-1.607371,9,1
51.3919,-0.421389,3,8
51.088829,-1.2729,1,7
51.399708,-0.4156,1,6
51.406476,-0.349558,8,7
51.440376,-0.512035,5,0
51.430935,-0.496618,5,5
52.399545,-2.050654,4,2
52.419334,-1.990391,4,0
53.017139,-1.981319,2,1
52.999107,-1.06794,4,8
52.69041,-0.920654,6,1
52.407451,-1.784594,4,1
52.530102,-1.383041,1,8
52.579333,-1.532878,7,4
51.11607,-0.222649,3,6
51.130927,-0.213274,8,9
51.144764,-0.19953,7,9
51.102235,-0.173972,4,6
51.110238,-0.153871,6,8
51.116941,-0.162605,8,6
51.160212,-0.163604,6,2
51.173918,-0.18323,9,8
51.161389,-0.135668,8,5
51.186743,-0.163694,7,8
51.201071,-0.194473,8,6
51.239844,-0.166451,2,3
51.204792,-0.1677,7,4
51.233732,-0.288379,2,0
51.238425,-0.311198,8,1
52.635078,-1.944539,8,5
51.294985,-0.336089,7,9
51.323836,-0.41269,8,1
52.542109,-1.696942,6,3
51.381714,-0.377493,7,0
53.196879,-1.901908,7,8
53.025808,-1.723384,7,3
51.350352,-0.250864,6,6
52.95331,-2.040883,8,4
51.386523,-0.291294,4,5
52.905076,-2.37685,5,0
52.901997,-1.860947,6,0
51.355767,-0.255182,3,9
51.375687,-0.264339,9,2
53.405172,-1.738982,2,7
51.405736,-0.302166,1,6
51.429566,-0.318416,5,7
53.287863,-1.579192,4,9
50.968137,-1.918056,5,5
51.22819,-1.338347,5,0
51.229107,-1.338319,9,2
53.134445,-1.432716,1,1
53.029694,-1.914215,1,6
53.105132,-2.154547,5,8
53.311933,-1.898644,2,0
52.897659,-1.359998,8,6
53.093957,-1.658736,1,3
53.047163,-1.641206,4,0
52.958861,-1.577925,8,3
53.231399,-0.806723,7,5
52.813347,-0.803365,3,3
53.079174,-0.867665,4,8
53.223303,-1.115505,2,5
51.57755,-0.380271,1,4
52.655516,-1.302927,9,6
53.485476,-0.775492,3,7
53.22531,-1.701132,8,3
51.547719,-0.420185,6,8
51.561936,-0.379325,9,7
52.78808,-1.097664,1,0
51.548783,-0.397836,6,0
51.541775,-0.418198,6,9
52.738326,-1.320862,6,7
52.762972,-1.234524,4,3
51.518702,-0.391757,6,9
52.836792,-1.251041,1,6
51.488753,-0.412558,7,6
52.73152,-0.995167,0,7
51.448604,-0.339937,5,9
52.697431,-1.117291,6,1
52.544833,-1.031877,1,7
52.723063,-0.765859,2,6
52.6315,-1.077247,4,4
51.463986,-0.340257,0,5
51.465414,-0.322425,7,2
53.005795,-1.251101,7,1
53.022009,-1.417793,9,1
52.948025,-1.088386,6,7
53.032232,-1.050823,2,8
53.579885,-0.869434,9,5
53.07731,-1.190151,1,4
52.687955,-1.796533,6,8
53.591168,-0.7392,6,6
52.49028,-1.866665,0,8
51.571638,-0.289354,2,7
51.627195,-0.287063,8,5
51.623491,-0.185411,9,5
51.614894,-0.189437,9,6
51.584844,-0.180888,0,1
53.130665,-1.23847,2,1
51.577539,-0.217549,7,7
51.617793,-0.26653,6,9
51.610531,-0.313052,7,5
51.607093,-0.271414,8,1
51.591209,-0.244516,0,9
51.587068,-0.307266,6,8
51.562196,-0.27948,2,4
51.551558,-0.267837,2,5
53.407215,-1.191422,5,7
53.521199,-1.045964,7,7
51.527366,-0.344873,7,1
51.508638,-0.342569,9,5
51.48248,-0.312323,8,3
51.570831,-0.245027,3,8
53.305797,-1.088289,7,4
52.897989,-0.911045,9,4
53.396184,-0.931457,1,1
52.564065,-1.199634,6,6
53.362304,-1.703631,4,6
52.770034,-1.840172,8,7
52.52039,-1.751178,6,9
52.805262,-2.011076,3,2
52.865431,-1.335368,8,7
52.95455,-1.833986,7,4
52.952707,-1.07772,9,0
53.124099,-1.557929,7,6
52.75692,-1.805399,1,6
52.791503,-2.038506,8,5
53.397737,-0.964956,5,6
52.855534,-1.648727,0,3
52.780647,-1.647106,2,5
53.131855,-0.803653,3,3
53.223665,-1.727504,2,1
52.706226,-1.091508,4,3
52.627897,-1.613026,0,5
53.053456,-1.793028,1,4
53.206134,-1.165417,3,3
53.198546,-1.906769,5,6
53.26962,-0.952008,3,0
53.335557,-1.683843,3,5
52.460104,-1.897221,0,3
53.017569,-2.162134,8,8
51.393329,-0.241392,3,7
53.04899,-1.879122,7,3
53.211297,-1.610938,3,8
53.2366,-1.145421,4,6
51.374843,-0.208335,5,1
53.055864,-1.782274,6,6
53.072731,-1.441438,0,8
53.309224,-1.138194,2,0
53.503749,-1.027736,0,1
51.391152,-0.216322,5,9
52.839744,-2.174088,1,5
52.727805,-2.117669,6,4
52.998306,-1.525391,3,4
52.7031,-1.142483,7,1
53.013888,-1.738962,6,9
53.024857,-1.028024,6,5
53.06433,-2.026812,9,2
53.498488,-0.664311,9,0
52.484208,-1.731944,8,4
52.880685,-1.346428,1,4
52.631289,-1.697508,2,4
51.410502,-0.247204,1,6
53.062491,-0.852881,3,5
53.077901,-0.934277,6,2
52.831898,-1.273539,6,4
52.902503,-1.834928,4,6
52.858989,-2.187087,0,7
52.541117,-1.695622,5,4
51.431619,-0.25215,1,1
52.560205,-1.983428,3,7
52.571268,-1.201273,9,6
52.916247,-2.171867,4,4
52.531656,-1.958157,0,9
52.92726,-1.475443,3,4
52.573856,-1.13453,3,1
52.524933,-1.911514,4,4
51.465498,-0.253664,4,5
53.707031,-0.725316,2,4
53.377166,-1.053244,0,5
51.47009,-0.245065,8,9
52.758541,-1.164067,5,1
52.496238,-1.688419,6,6
52.643962,-1.73394,6,8
53.591975,-0.738178,3,0
53.392687,-0.776833,7,3
52.523665,-2.039788,7,5
53.114911,-2.223306,4,4
52.558696,-1.999094,6,1
53.166753,-1.164236,6,1
53.226502,-1.008036,3,9
53.087267,-1.506572,7,7
53.233981,-1.032134,3,9
53.023087,-1.968659,0,6
52.953586,-1.989532,8,2
52.999734,-1.762306,2,3
52.567357,-1.52579,6,0
52.877141,-1.759128,3,9
52.874007,-1.799498,0,6
52.92478,-1.166968,6,2
52.879472,-1.254839,4,1
52.376154,-1.814434,1,9
52.848235,-1.562071,8,2
51.371312,-0.120688,5,9
52.976338,-1.86056,7,7
53.1201,-2.012802,9,3
52.522794,-1.29766,5,7
53.0832,-1.32769,7,8
52.839223,-1.665782,0,7
52.854343,-1.601779,1,7
52.520949,-1.440825,3,0
51.373583,-0.138986,2,9
51.370858,-0.151524,3,1
53.008317,-2.228776,5,9
52.620739,-1.76228,1,6
52.896019,-0.962231,4,8
52.648317,-1.215391,5,0
52.970005,-2.073464,1,4
51.367034,-0.162812,4,1
52.574167,-1.035067,6,1
52.986245,-1.163701,2,1
53.308371,-0.942655,3,5
53.083974,-2.178955,5,0
51.377064,-0.160112,3,4
52.899788,-1.657587,9,5
52.726224,-1.468529,2,4
52.893044,-1.72631,1,8
52.780092,-1.792694,5,8
52.671341,-2.108289,3,3
52.731408,-1.705184,1,0
52.397668,-1.853805,0,6
52.62825,-1.47564,4,3
51.398338,-0.183625,4,2
52.619792,-1.146475,7,1
51.466604,-0.571144,4,7
52.698639,-1.610921,0,2
51.402267,-0.187639,7,5
52.682553,-2.025244,5,6
52.662979,-2.143695,9,1
51.41336,-0.183893,9,2
53.08361,-2.1565,6,2
52.910637,-1.862124,7,8
51.419659,-0.18127,2,4
51.419659,-0.18127,6,4
52.991475,-2.013285,1,5
52.817973,-2.113758,9,3
51.394765,-0.097302,9,1
53.070627,-2.041308,5,5
53.003454,-1.310004,0,6
51.416099,-0.143444,3,0
53.052096,-1.067469,9,1
52.995269,-1.986021,2,8
51.422024,-0.174344,6,3
52.986363,-0.977571,6,3
51.421965,-0.173411,7,1
53.019889,-1.425573,9,3
53.003783,-0.829178,5,2
52.762225,-0.889833,0,8
51.428571,-0.187677,0,5
52.760041,-0.853952,6,8
52.553447,-1.171951,2,6
52.78322,-1.279553,4,4
53.2536,-1.904027,3,2
52.899642,-0.758767,0,2
52.568845,-1.992912,4,8
52.675277,-0.888192,8,2
53.009557,-1.190048,2,9
52.739499,-1.353725,5,6
52.765357,-1.214327,2,4
52.435233,-1.913503,7,7
53.010442,-1.024175,0,1
52.969773,-1.07353,1,6
52.790235,-2.119721,2,6
52.777609,-1.21547,0,4
53.023273,-1.680181,3,5
51.067961,-2.063451,4,9
51.164146,-1.894828,6,1
51.220377,-1.669896,0,6
51.358394,-1.927417,2,6
51.061485,-2.080366,7,0
51.392901,0.019484,3,8
51.385199,0.047688,1,0
51.401378,0.028483,5,8
51.400276,0.019377,5,8
51.044768,-2.4129,8,4
51.085428,-2.353299,9,2
50.896473,-2.390258,3,4
51.03167,-2.281587,4,7
50.864669,-2.139905,7,1
50.755028,-1.936857,3,1
50.755798,-1.814938,5,3
51.034216,-2.265615,9,7
51.394835,0.016838,3,6
50.853069,-2.167089,5,6
50.968057,-2.158729,0,1
51.422952,-0.007672,1,8
51.391876,-0.03662,5,2
51.406058,-0.024366,5,7
51.435695,-0.027404,0,1
51.441442,-0.026869,9,6
51.382923,0.075811,1,6
51.383249,0.072664,0,9
51.39528,0.078815,2,7
51.403702,0.060218,1,6
51.405031,0.056251,2,8
51.411956,0.051097,4,7
51.428299,0.023993,0,7
51.431438,0.027081,4,3
51.45198,0.032669,5,0
51.45563,0.00613,0,8
51.442857,0.029817,2,5
50.778033,-2.848812,7,5
50.800366,-2.738533,1,4
50.707087,-2.698828,1,3
50.671274,-2.491689,6,2
50.789421,-2.750022,6,5
50.665978,-2.480781,2,1
50.739791,-2.891657,1,1
50.658982,-2.415165,2,1
50.837132,-2.59994,4,5
50.613852,-1.958246,5,5
50.825864,-2.686403,6,3
50.842091,-2.502005,7,7
50.743404,-2.638425,7,1
52.921584,-1.283492,6,9
52.948176,-1.183337,0,9
51.161592,-3.769689,7,1
51.129849,-3.534087,8,4
50.884946,-3.487642,4,0
50.775637,-3.719618,9,4
50.601997,-3.530985,9,4
51.06991,-3.643436,2,7
50.614674,-3.380154,9,3
50.859966,-3.239613,3,9
50.908664,-3.226683,4,7
50.973456,-3.383642,9,3
50.80015,-3.436698,5,2
51.114443,-3.795033,0,7
50.728619,-3.475599,8,3
51.046267,-3.459994,5,2
50.67998,-3.408962,7,2
50.816541,-3.085152,5,6
50.850579,-2.888483,2,7
50.652217,-3.320001,7,9
50.796646,-3.183491,8,4
50.753667,-3.256649,7,3
50.76725,-2.963477,7,1
50.882121,-3.092361,9,2
50.776987,-3.176428,6,0
50.701123,-3.117886,5,3
52.897211,-1.882427,5,1
52.944125,-1.27239,3,9
50.390977,-3.70144,9,2
50.393238,-3.731066,3,5
50.47913,-3.760983,1,3
50.53756,-3.702476,5,5
50.548234,-3.940001,8,8
50.58221,-3.897607,9,9
50.641897,-3.877381,2,2
52.637658,-1.059015,3,2
50.5162,-3.757538,4,1
50.521452,-3.756985,9,4
50.390648,-3.72194,6,1
50.26339,-3.811942,3,9
51.908463,-0.46427,0,3
50.473478,-3.89184,1,3
50.384444,-3.523968,4,5
50.592206,-3.717163,7,9
50.680022,-3.738768,6,3
50.516559,-3.841369,2,9
51.896722,-0.419615,7,8
51.758734,-2.612081,3,7
51.851486,-0.376103,7,0
51.830547,-0.347917,8,1
52.683384,-1.230147,7,4
51.773132,-0.117522,5,3
52.807006,-2.123061,9,0
53.137597,-1.198884,4,7
50.804076,-4.356504,9,3
50.686858,-4.234529,6,0
50.562235,-4.481386,6,7
50.586706,-4.106872,3,5
50.440912,-4.010253,7,1
50.418385,-3.960029,2,7
50.677206,-4.612016,6,4
50.416367,-4.126049,2,6
50.700026,-4.056719,2,6
50.431628,-4.270363,0,1
50.771514,-4.228634,4,1
50.644847,-4.529589,3,0
50.877791,-4.488167,2,0
50.516447,-4.209541,7,7
50.366737,-4.230702,3,8
50.501188,-4.060758,8,2
50.549928,-3.999359,8,7
50.377366,-3.992093,4,0
50.660116,-4.359193,2,7
50.546683,-4.319646,5,1
50.584943,-4.054524,2,9
52.777175,-0.87826,5,0
51.876889,-0.28128,4,4
52.758038,-1.162817,7,8
52.205774,-2.572843,7,3
52.635449,-1.104604,6,7
51.837638,-0.221289,4,8
51.803418,-0.141267,9,8
50.127328,-5.568494,7,2
50.223298,-5.305022,8,0
50.1602,-5.114418,6,2
50.303659,-5.098505,3,1
50.390633,-4.752406,8,8
50.171774,-5.437334,8,1
53.007835,-2.185525,9,6
50.593242,-4.743017,8,2
50.286686,-4.810984,8,7
50.222785,-5.161963,7,8
51.919973,-0.123165,1,4
50.191057,-5.514391,1,8
50.131262,-5.251088,9,8
50.035296,-5.208282,8,2
50.382625,-4.896844,6,0
50.339136,-4.836569,2,8
50.249425,-5.040268,2,4
50.238386,-5.248557,4,2
50.356962,-4.730773,3,4
53.134236,-1.430342,2,9
51.874477,-0.149495,2,8
51.861312,-0.11775,8,0
52.981564,-2.19971,8,2
52.948907,-2.036414,8,6
51.875292,-0.062702,6,9
52.515925,-1.880351,2,9
53.029381,-1.486357,1,9
51.801234,-0.079759,7,6
53.079153,-2.052945,4,2
52.507787,-1.704544,1,8
52.861553,-1.678994,4,4
51.903913,0.021245,0,9
50.481782,-4.701312,2,5
50.382424,-4.56061,5,2
50.509966,-4.568918,7,5
50.558792,-4.637937,2,3
50.639798,-4.675005,5,1
50.733448,-4.549952,8,4
51.946826,-0.016987,5,4
50.391624,-5.071876,9,8
50.679797,-4.695684,5,3
50.480775,-4.463019,4,1
50.438007,-4.948114,4,4
50.419841,-4.409173,6,9
50.589351,-4.830395,9,1
51.904243,0.020897,3,3
51.839044,-0.027533,2,2
50.975364,-4.291091,8,5
50.880864,-4.152815,9,3
50.703195,-3.977548,7,2
50.737466,-3.91805,3,8
50.925011,-3.713738,0,1
50.985116,-3.661811,1,7
51.016891,-3.822629,4,6
51.163435,-3.937101,7,1
51.219415,-3.751859,0,5
51.073179,-4.041276,0,8
51.074943,-4.050919,5,6
51.053143,-3.969407,2,4
51.930418,0.086394,9,1
50.909721,-4.380331,5,3
51.178491,-4.106562,2,4
51.024089,-4.236452,2,0
50.873373,-3.798545,3,4
51.884165,0.09127,1,4
51.814817,0.020302,7,2
51.838464,0.162023,6,9
51.117739,-3.349372,6,7
51.159618,-3.320133,6,7
51.207152,-3.536655,6,4
51.193548,-3.612054,3,8
51.124753,-3.200962,1,6
51.163886,-3.611019,7,4
51.965459,0.146003,4,6
51.89464,0.186331,9,8
51.878177,0.160906,5,6
51.812151,0.158674,7,6
51.792981,0.16688,5,0
51.795404,0.134177,5,9
51.795404,0.134177,1,5
51.773908,0.073644,4,4
51.764828,0.015113,0,8
51.054044,-3.336105,6,0
50.971757,-3.122948,7,5
51.064754,-2.737025,1,7
50.902608,-2.632068,5,1
51.134741,-2.999693,2,7
51.054966,-2.936065,3,3
50.976043,-2.793549,9,7
51.031669,-2.798991,9,2
50.947873,-2.503101,9,1
51.034896,-2.833902,7,9
51.054966,-2.936065,1,1
50.875913,-2.981351,1,3
51.053779,-2.892367,8,5
50.853381,-2.745053,4,0
50.937299,-2.527224,8,7
51.128821,-3.323971,4,1
51.031606,-2.799018,3,8
51.008129,-2.832096,2,2
51.008129,-2.832096,8,9
51.270102,-2.682969,4,9
51.408672,-2.666341,0,7
51.116056,-2.430837,4,4
51.116625,-2.434971,7,5
51.112337,-2.451073,0,6
51.133861,-2.392257,0,2
51.393485,-2.917648,9,9
51.173877,-2.508462,2,5
51.260327,-2.806074,2,3
51.183161,-2.90631,3,8
51.440951,-2.8222,1,4
51.809124,-0.023037,8,1
51.770008,0.006126,9,0
51.76417,0.01362,2,6
51.76432,0.014322,5,4
51.769116,0.016232,0,0
51.753614,0.01247,4,6
51.713361,-0.060582,0,6
51.633453,-2.15382,9,8
51.602099,-2.455479,9,6
51.549024,-2.052583,5,2
51.530109,-1.896872,0,1
51.538159,-2.480793,9,0
51.474338,-2.127367,8,4
51.416755,-2.485269,9,9
51.38314,-2.325412,9,2
51.360132,-2.138539,1,9
51.341928,-2.266258,2,6
51.633863,-2.371995,3,6
51.237472,-2.325815,5,8
51.315105,-2.495674,9,0
51.470324,-2.566101,8,3
51.290973,-1.963375,6,3
51.230621,-2.486172,8,7
51.210084,-2.450167,2,1
51.419019,-2.487954,4,8
51.277706,-2.608531,2,8
51.546033,-2.267448,7,5
51.596598,-2.146477,4,3
51.460233,-2.609517,2,9
51.236826,-2.216949,4,0
51.535097,-1.885111,3,9
51.399488,-2.447727,1,0
51.451028,-2.55481,3,5
51.735268,0.019953,3,5
51.543699,-2.464859,3,9
51.366659,-2.621201,9,5
51.439017,-2.62578,9,8
51.703222,-0.022505,4,6
51.697274,-0.013228,4,3
51.691657,-0.027263,0,9
51.691132,0.015788,6,9
51.681471,0.004958,6,8
51.671889,-0.019618,6,4
51.668821,-0.035081,7,7
51.643461,-0.095003,6,4
51.626104,-0.060318,9,3
51.650298,-0.164059,1,9
51.616543,-0.126609,8,5
51.615727,-0.065253,9,5
51.619051,0.008836,6,3
51.603395,-0.012274,8,8
51.574894,-0.043637,7,3
51.567832,-0.051025,6,2
51.713888,0.259177,3,5
51.739256,0.219552,8,3
51.709101,0.239586,5,5
51.661693,0.209122,4,0
51.65178,0.119024,2,1
51.640481,0.081584,4,9
51.576239,0.040575,8,7
51.52639,0.091773,3,8
51.519084,0.132433,6,2
53.409248,-3.113909,8,4
53.276556,-2.854006,0,7
53.055708,-2.6691,4,0
51.597866,0.154258,4,1
51.583879,0.172001,5,6
52.965913,-2.459268,3,4
51.546517,0.183966,0,3
53.169907,-2.103919,3,0
51.528524,0.165429,1,3
51.599864,0.249585,7,8
51.553141,0.236647,8,2
53.114913,-2.221812,9,7
51.510944,0.165849,4,0
53.24456,-1.997705,8,2
53.38925,-1.919511,1,2
53.49079,-1.883147,1,2
53.45937,-1.93444,0,1
53.534889,-2.012778,9,3
53.459311,-2.134747,1,0
53.431001,-2.352893,6,5
53.718989,-2.194675,8,8
53.697953,-2.353609,9,7
53.65712,-2.049131,0,7
53.663285,-2.180798,4,4
53.60958,-2.440532,1,3
53.539768,-2.35078,4,0
53.535499,-2.263235,6,0
53.53478,-2.162144,0,3
53.497891,-2.499671,9,8
53.381621,-2.570469,8,2
53.240041,-2.077118,0,9
53.300189,-2.155251,9,4
53.460365,-2.916431,7,5
53.571911,-3.017001,1,4
53.678587,-2.942358,2,4
53.604601,-2.556847,9,3
53.58714,-2.633659,3,4
53.511139,-2.721493,5,4
53.596101,-2.789423,1,6
53.653543,-2.654324,5,6
54.217501,-2.3335,0,4
54.103514,-2.27294,6,5
53.986218,-2.429249,5,5
53.971437,-2.529714,9,6
53.833251,-2.102519,1,2
53.851109,-2.196809,1,8
53.862447,-2.348914,0,2
53.790306,-2.422692,9,2
53.694788,-2.486856,6,4
53.811772,-2.647675,7,3
53.774607,-2.703245,7,6
53.748659,-2.825643,1,8
53.783353,-2.991754,1,2
53.908061,-3.019063,9,2
53.986056,-2.662577,6,9
53.927308,-2.719516,0,4
53.897316,-2.901619,0,7
54.01325,-2.77441,7,5
54.31472,-2.538727,0,0
54.144383,-2.433946,1,5
54.090487,-2.425739,8,0
54.122231,-2.572947,0,4
54.064769,-2.863989,2,6
54.3319,-2.69427,1,2
54.440718,-2.825629,7,9
54.406987,-2.892739,7,1
54.37577,-2.72272,2,5
54.264682,-2.808288,7,8
54.246782,-2.923038,5,1
54.444792,-3.103284,6,5
54.420708,-2.977801,1,2
54.313112,-2.946042,7,7
54.378286,-3.103039,4,4
54.190769,-3.163942,1,7
54.136092,-3.238939,7,9
54.342135,-3.21744,7,0
54.427181,-3.488178,8,3
54.525099,-3.417569,4,6
54.529816,-3.545999,5,7
54.498215,-3.557159,5,4
54.498872,-3.181948,9,4
54.511299,-3.197753,7,7
54.532336,-3.062374,8,7
54.56648,-3.063261,9,0
54.614148,-3.157414,9,6
54.703741,-3.274806,8,6
54.58826,-3.316076,6,8
54.760082,-3.214413,4,3
54.849851,-3.310562,5,4
54.843273,-3.064299,4,7
54.362171,-2.342366,4,5
54.504409,-2.241634,0,8
54.569482,-2.432265,0,8
54.524262,-2.505948,0,7
54.500172,-2.930285,2,5
54.592579,-2.950962,6,7
54.630789,-2.88989,4,6
54.497275,-2.692439,4,6
54.536396,-2.762648,7,7
54.779014,-2.608625,2,3
55.093207,-2.481773,3,8
55.026371,-2.560748,1,3
54.876682,-2.663085,5,4
54.670137,-2.788412,8,3
54.680261,-2.999541,5,4
54.716254,-2.87779,1,5
54.899013,-2.953493,8,0
55.005582,-2.999799,1,9
55.089491,-2.693238,4,5
52.423104,-1.431916,3,9
53.866048,-2.811986,8,6
53.926518,-3.00474,9,7
55.553328,-1.997587,8,7
55.502931,-2.138485,9,0
55.765373,-2.031043,3,6
53.823309,-2.154144,2,8
50.950807,-0.528647,3,2
50.996436,-0.510104,8,0
51.120939,-0.616127,6,8
53.496174,-0.11262,1,8
51.185738,-0.408138,0,6
51.023941,-0.551999,3,1
53.007414,-0.020733,3,6
51.037622,-0.899591,3,6
51.037463,-0.89988,6,6
50.999633,-0.78648,7,3
50.983264,-0.669759,4,2
50.999232,-0.786847,3,0
53.102452,0.317508,2,7
50.992202,-0.674476,4,5
50.933357,-0.647317,7,1
51.000801,-0.904738,4,1
51.053802,-0.642384,9,9
50.861097,-0.928616,3,8
50.851113,-0.764553,3,9
50.889075,-0.881768,9,8
50.853543,-0.666675,4,8
50.828064,-0.805132,0,7
50.831317,-0.857887,0,8
51.194078,0.065165,6,0
50.78281,-0.694221,9,7
50.923464,-0.81265,6,3
50.863667,-1.166426,8,5
50.860206,-0.976619,9,9
50.791953,-1.170468,0,3
51.172608,0.173074,2,0
51.172777,0.173655,1,4
50.902688,-1.10472,0,3
53.296901,-0.131922,9,5
50.852298,-0.990615,6,2
51.253545,-1.255547,4,4
51.171954,-0.007351,7,3
53.212345,-0.44111,4,0
50.923515,-1.162981,7,1
50.99496,-1.033579,9,0
52.456899,-1.052938,6,3
50.828711,-1.195588,3,9
53.144196,-0.140051,2,7
53.143044,-0.241774,8,8
50.931347,-1.257371,5,0
53.009861,-0.11602,8,6
50.942234,-1.227791,9,3
50.953881,-1.370394,2,2
50.935796,-1.368504,4,8
50.987637,-1.34415,9,9
50.990287,-1.335564,3,7
51.061255,-1.307865,0,3
51.0582,-1.308338,3,2
50.969991,-1.33715,0,9
50.983422,-1.382474,7,6
52.656869,-0.382584,6,6
51.087739,-1.189248,2,4
51.006173,-1.114132,9,1
51.008538,-1.335019,9,6
51.089429,-1.328148,1,9
51.086429,-1.181847,6,3
51.089282,-1.180897,7,4
51.090021,-1.181212,3,5
51.01114,-1.07498,9,0
51.085476,-1.13689,1,2
51.236919,-0.046806,8,0
52.784469,-0.626388,1,4
51.141861,-0.009362,8,3
52.493886,-0.649292,0,6
51.202399,0.077705,7,8
50.788809,-1.033124,4,1
50.989153,-1.48518,3,7
50.919652,-1.447963,3,2
50.955026,-1.534134,6,4
51.080218,-1.523543,9,5
50.957997,-1.495975,9,3
50.941207,-1.495758,8,5
50.997377,-1.496618,8,8
51.115199,-1.495968,4,8
50.993139,-1.491976,8,3
51.103128,-1.562184,4,7
50.953747,-1.533691,3,5
50.880106,-1.558591,0,8
52.229163,-0.868182,9,4
51.166603,-1.441818,9,7
51.152223,-1.450813,2,4
51.213634,-1.369723,6,9
51.177844,-1.39845,1,8
51.15131,-1.459531,4,9
51.152158,-1.460093,9,5
51.218761,-1.473747,2,0
51.271553,0.518493,9,8
53.228743,-0.528903,9,2
51.252655,-1.256994,2,0
50.727478,-1.599044,9,9
50.745533,-1.683293,4,3
50.815958,-1.550253,4,5
53.689056,-0.441274,9,0
50.824355,-1.559116,5,1
50.760875,-1.670302,8,3
50.744376,-1.57404,1,3
50.824241,-1.576864,8,6
53.275431,-0.63753,2,4
50.755479,-1.333222,2,7
50.664649,-1.176646,9,8
50.61912,-1.353938,6,6
50.695451,-1.305261,8,4
50.649055,-1.249848,5,6
50.626578,-1.225903,5,0
50.671665,-1.399223,3,3
50.754772,-1.304596,7,4
50.677559,-1.505295,4,8
50.722216,-1.142162,1,7
50.691845,-1.308358,1,7
50.623497,-1.307947,5,8
50.681247,-1.198111,7,3
53.38885,-0.330909,9,8
50.729406,-1.152672,1,6
52.227978,-0.934098,9,1
51.266809,0.065457,1,0
51.304292,0.18632,5,8
51.423959,0.230865,1,5
51.450401,0.173287,0,4
51.440152,0.113674,0,2
51.107299,0.139866,9,2
52.526819,-0.428685,2,4
51.445998,0.158543,7,5
51.144544,0.168468,7,0
51.194615,0.278452,2,3
51.435174,0.135731,8,3
51.307175,0.102521,8,0
51.395266,0.296316,0,8
51.095381,0.052195,2,0
51.291987,0.195058,7,5
53.202079,-0.553771,9,8
51.384733,0.626364,8,1
52.930882,-0.4014,8,9
53.229862,-0.546842,3,4
51.195997,0.254903,7,0
53.397417,-0.269659,6,5
52.45855,-0.611724,0,3
53.664551,-0.343494,3,3
52.271031,-0.922807,2,5
52.90501,-0.255888,4,0
53.23087,-0.555797,1,0
53.10346,0.23181,5,3
51.067661,0.215829,1,3
51.100206,0.007416,0,2
53.574576,-0.108253,7,2
51.046446,0.196269,0,4
52.434206,-0.92251,2,5
53.113634,-0.600069,7,4
53.546656,-0.159656,5,1
53.176218,-0.5711,7,8
52.470494,-0.909111,3,6
53.187011,0.096794,2,2
53.041102,-0.374951,1,6
53.329892,-0.644055,8,2
53.208433,-0.108817,8,9
51.227207,0.414329,2,6
51.1015,0.392574,6,5
52.058925,0.296651,6,3
52.085111,-0.267906,1,3
52.377001,-0.269421,2,3
52.175048,0.01962,8,4
52.197227,0.087527,3,8
53.316679,-0.344986,7,4
53.135319,-0.008131,0,5
52.231962,-0.97793,9,9
52.5771,-0.125035,1,5
52.5771,-0.125035,9,3
52.452473,-0.605675,0,3
52.615107,-0.675844,3,5
52.24053,-1.091234,5,8
51.138337,0.459382,9,7
52.845991,-0.100848,5,4
51.098285,0.395836,7,7
52.401841,-0.5448,4,8
52.476009,-0.922226,6,6
51.587908,0.506691,7,7
52.145596,-0.405558,2,1
52.584341,-0.404444,7,4
52.583985,0.346152,5,2
52.323618,-0.101287,3,9
52.330674,-0.120798,9,7
51.636308,0.385069,3,0
52.246264,-0.779863,3,8
52.633846,1.556421,3,3
52.442977,-0.492641,4,0
52.160107,-0.63018,6,0
52.447056,1.60611,1,5
52.314257,-0.444982,1,2
52.147499,-0.708027,2,5
52.428551,-0.353448,3,3
52.132397,-0.953181,0,8
52.587333,-0.568186,1,1
52.049192,-0.852318,5,7
52.080162,1.29614,0,4
51.733425,0.429285,7,2
52.133733,-0.460042,4,8
52.269301,0.00265,1,8
52.171412,0.099158,4,5
52.354128,0.03732,7,6
52.428112,-0.3542,9,4
52.830878,1.126258,3,5
52.453082,0.545246,3,1
52.028438,0.858403,4,0
51.972195,0.774544,1,6
52.253951,-0.309376,2,1
52.684352,0.927128,9,3
52.320879,-0.002271,5,8
52.612011,1.01713,1,4
52.669401,0.995655,8,6
51.938949,0.502982,3,2
52.681119,0.893649,0,5
52.073044,-0.805148,6,9
52.118971,-0.054461,8,4
52.212963,0.746693,2,5
52.121748,-0.215784,6,3
52.295794,-0.512351,8,7
52.244802,-0.905866,6,3
51.999613,-0.629985,6,8
52.202674,-0.045714,9,0
52.041145,0.142627,1,1
52.402761,0.279187,2,6
52.426228,0.740815,0,8
52.227467,0.741731,3,6
52.06301,-0.710466,2,0
52.177103,0.456319,6,6
51.990419,0.395105,8,6
51.202357,0.515045,5,5
51.971772,0.940138,6,6
51.148275,0.682267,0,3
52.43909,-0.734823,2,9
51.998223,0.579089,6,7
52.240918,-1.083171,8,8
51.736858,0.480165,4,2
52.515233,-0.794532,1,6
52.810264,-0.528974,6,4
52.470804,1.73914,8,3
52.473204,-0.862668,4,8
52.835301,0.858574,9,5
52.77483,1.151185,5,9
52.825263,1.408721,8,2
52.191671,1.4844,7,2
52.153042,1.061731,8,8
52.603459,1.16988,2,2
52.399868,0.289328,6,1
51.996269,-0.242627,3,8
52.571992,0.124144,7,1
52.632078,-0.313309,6,4
52.132732,-0.418436,7,8
52.031808,-1.132641,4,4
52.694217,0.419367,6,2
52.332215,-0.788506,4,4
52.206315,0.520869,8,1
51.096946,0.544313,1,1
51.204793,0.588909,4,5
52.808243,-0.129942,6,8
52.218546,1.268312,2,1
52.103622,0.807145,9,9
51.130083,0.749109,8,3
52.323011,-0.206231,2,8
52.335738,0.008586,8,7
52.317315,-0.072946,6,4
52.172202,0.251294,2,8
52.318507,-0.176335,0,9
52.21309,-0.281653,0,7
52.415589,0.734272,3,9
52.296783,-0.670693,9,6
52.27627,-0.223832,0,3
52.219934,-0.521475,0,7
52.898685,0.4791,2,0
52.665732,-0.158215,1,3
52.342401,-0.067451,6,2
52.023252,-1.13062,4,7
52.016759,-0.488107,1,6
52.29472,0.332298,1,0
52.7599,0.536425,8,2
52.516458,0.988183,2,3
52.32454,0.894501,2,5
52.089557,-0.0565,7,4
52.46533,0.054229,3,4
52.494069,1.157581,0,6
52.252632,-1.146653,7,1
51.949875,-0.766824,8,1
52.323479,1.278981,6,5
52.40222,1.542157,2,8
52.409069,1.30592,0,3
52.232016,1.183613,6,5
52.192643,-0.064443,5,0
51.991569,-0.939719,0,7
52.559314,1.570041,5,7
52.371419,1.099743,2,0
52.230723,1.344041,9,7
52.318638,1.425054,9,4
52.373829,-0.149082,0,7
52.249147,-0.485347,7,0
52.217851,1.492103,0,3
51.889291,0.584473,3,7
51.623807,0.826545,1,3
51.857943,0.698866,1,3
51.733867,0.736365,0,4
51.906849,1.087118,1,0
51.616598,0.593505,0,3
51.683977,0.715993,0,7
52.35513,1.431153,1,4
51.890899,1.212487,5,9
51.648181,0.346098,8,3
51.793116,0.963307,1,9
51.584133,0.637851,4,7
51.815014,0.765948,0,4
51.532357,0.738679,0,8
52.814,0.01276,0,6
51.820817,1.005761,4,0
51.702642,0.87633,1,2
51.835947,0.597384,0,7
52.165978,0.556609,3,2
51.743647,0.324082,0,5
52.101218,0.906298,3,5
53.449299,0.032134,7,0
52.786909,-0.264322,5,9
53.235003,0.102885,9,5
51.998052,-0.992004,0,8
52.535424,-0.981957,6,0
52.703292,0.697456,3,3
52.191056,-1.087854,2,8
52.495753,-0.470258,1,6
52.890974,-0.512865,9,7
52.671948,-0.303639,0,4
52.666216,-0.280199,2,2
51.93437,-0.252319,2,3
52.654318,-0.461033,7,9
52.408276,-0.556349,5,3
52.748345,-0.50217,1,4
51.321154,0.447621,2,4
52.731094,-0.419825,7,0
52.616269,-0.582013,1,5
52.735167,-0.4219,3,3
51.530977,0.519422,5,4
51.542522,0.567655,7,8
51.644879,0.396505,0,9
53.550068,-0.501979,9,9
53.221702,-0.541127,5,5
53.406624,-0.44906,9,7
52.890503,-0.622875,2,6
52.890978,-0.62509,4,9
52.833221,-0.460655,6,9
53.022669,-0.746145,3,3
53.226658,-0.368683,8,3
50.949713,-0.529578,8,0
52.720446,-0.363945,1,4
51.350566,0.74362,8,3
51.389586,0.842268,5,2
51.324099,0.908555,0,7
51.273987,1.168823,3,8
51.322006,1.228535,6,4
51.732496,0.516133,3,2
52.84066,1.075753,4,3
51.904776,0.848521,1,7
51.94816,0.481622,9,1
52.049494,0.452229,6,8
52.013331,0.746104,5,1
51.257785,1.030079,6,2
51.296693,1.105983,2,1
53.213749,-0.345212,4,1
51.258144,1.145929,8,4
53.460884,-0.474196,2,2
51.258867,1.033447,2,7
51.297928,1.053239,6,2
51.520749,0.616886,4,3
52.236777,-0.839447,7,4
52.230338,-0.897436,4,1
53.232468,-0.366215,7,4
52.986895,-0.680145,4,4
52.061887,0.546282,0,8
51.295161,0.507204,2,8
52.945882,0.745281,0,9
52.181011,0.952464,9,1
52.554012,1.032047,6,3
52.558433,1.367321,9,2
51.157688,0.815185,3,8
51.145063,0.846976,4,2
51.184588,0.930529,8,1
51.105167,0.948046,0,8
53.2518,-0.151126,9,7
51.171609,0.799508,5,7
51.121217,0.85627,1,6
53.070452,-0.196967,7,7
53.00001,-0.427906,7,8
52.060314,0.493671,0,2
51.964319,0.607714,7,8
51.793436,0.648601,5,8
52.998853,-0.408576,6,3
51.874052,0.368575,6,3
51.133674,0.880127,1,9
51.931385,0.712001,2,5
53.081293,-0.140778,9,4
51.130148,0.878664,9,5
52.212737,-0.938853,1,7
52.755941,-0.534509,8,7
52.89634,-0.340975,8,3
52.922105,-0.319165,7,3
51.154584,0.889296,5,5
51.105558,0.979102,3,3
51.225958,0.726173,6,3
51.156945,1.009589,1,6
51.202987,0.784947,3,8
53.497914,-0.196218,4,4
53.676809,-0.524692,6,8
53.219937,-0.507486,0,1
52.192763,0.889367,0,5
53.546796,-0.159424,7,7
51.511603,0.583211,5,3
53.248384,0.004612,7,6
52.538018,-0.337559,2,9
52.939919,-0.043906,2,2
53.346199,0.015208,1,6
52.255096,0.055885,0,6
52.243719,0.07758,3,9
52.849491,-0.275979,7,3
53.048222,-0.396166,7,9
51.160348,1.119955,8,5
53.077892,-0.274288,5,8
52.529248,-0.758769,2,4
52.568529,-0.123188,1,5
52.546177,-0.832027,0,2
52.229209,-1.080484,7,6
51.359322,1.403568,4,8
52.307124,1.153055,2,0
53.125717,-0.052667,8,5
51.140192,1.287219,6,8
51.117863,1.194265,5,0
53.144479,0.086945,8,5
51.007531,0.978517,3,9
51.201686,0.330336,3,6
51.05909,0.821971,9,7
51.083056,0.871982,3,4
50.943595,0.945951,9,8
53.306737,-0.547985,4,1
53.175194,-0.524002,4,8
53.031102,-0.503575,0,7
53.093909,-0.172837,8,2
53.088074,0.270439,3,0
52.611622,-0.461792,0,3
52.872934,0.138821,1,5
52.651369,0.565622,1,1
52.949162,1.122162,7,5
52.226854,-0.464875,6,9
52.124227,0.957474,3,6
51.895742,0.451114,5,8
51.554554,0.826576,7,7
51.291026,0.511282,7,0
50.991816,0.524378,2,4
52.236542,0.176925,6,8
52.335121,0.531859,5,0
51.222555,0.334684,4,8
52.212835,0.120872,7,7
52.053714,-0.855119,3,4
52.011485,-0.9309,4,7
52.242947,-0.263656,1,2
52.319854,-0.205625,6,9
50.950221,0.630976,6,2
52.135918,-0.996201,3,9
51.032353,0.577858,4,9
50.931554,0.580819,5,9
50.989632,0.75505,1,1
50.989632,0.75505,4,6
51.250834,0.447181,6,6
51.150722,0.174763,1,1
50.923434,0.72054,5,1
52.799742,-0.132532,5,2
50.990993,0.390419,7,0
51.01189,0.398508,1,2
50.981447,0.468833,6,0
51.254622,0.485076,1,0
51.028745,0.275298,3,0
50.965787,0.453104,3,6
50.885427,0.672112,5,4
53.371241,-0.684077,7,0
52.185547,-0.867095,4,1
50.878052,0.500069,4,4
52.327013,-1.00142,2,1
50.90222,0.393649,1,2
52.56456,-0.5077,2,7
52.207563,-0.73336,7,6
50.899199,0.375972,0,3
52.490034,-0.666347,8,5
50.896388,0.412165,5,6
50.89145,0.361642,8,1
53.326702,-0.11185,6,6
53.359329,-0.017234,1,7
53.534467,-0.499466,4,6
53.572235,-0.236854,9,5
51.108316,0.172486,4,4
52.645246,-0.420704,9,0
52.649303,-0.762024,2,4
52.766451,-0.623828,6,9
53.077492,-0.622888,4,3
50.903167,0.47968,6,6
50.811276,0.219288,2,3
52.555577,-0.828089,7,7
50.8635,0.56711,5,0
50.890762,0.554388,1,7
50.814838,0.358583,1,6
50.788104,0.060701,1,1
50.80213,0.081187,5,3
50.912658,0.290758,8,8
50.895273,0.24023,9,9
51.194952,0.237676,1,0
50.91155,0.289494,5,4
50.99015,0.128061,4,1
50.930862,0.267671,3,3
50.989456,0.127659,4,5
51.002867,-0.027718,2,0
50.975187,0.034071,1,6
51.041711,-0.097823,9,5
51.038451,-0.100268,9,5
51.434974,-0.353451,9,9
50.951995,0.074349,4,3
51.021082,-0.073715,8,5
51.006255,-0.079888,9,2
50.968752,0.097884,4,1
50.991504,0.152348,2,5
51.066083,-0.159624,8,8
50.90639,-0.072052,8,7
51.039914,-0.097897,2,7
50.913393,0.044891,9,6
51.007923,-0.096141,6,4
51.097082,0.330342,5,6
50.91492,0.038854,6,7
51.274484,0.217164,2,7
50.853435,-0.133909,2,6
50.893868,0.081008,8,2
51.15203,0.176969,3,7
51.372501,0.217586,0,9
50.957409,-0.265959,6,5
50.882836,-0.306828,7,2
51.275499,0.095139,1,7
50.986805,-0.268198,2,6
50.999283,-0.143741,5,5
50.929113,-0.384184,9,8
50.803264,-0.452563,6,1
50.929364,-0.469557,0,0
50.860296,-0.483186,0,2
51.086792,-0.406225,8,2
51.067869,-0.488686,0,7
50.956335,-0.513508,0,8
51.069575,-0.509483,6,5
53.560463,-2.873303,6,5
54.408693,-2.177133,3,0
53.719075,-0.434087,9,9
53.742978,-2.323663,6,0
52.041372,-2.955501,6,8
51.272544,0.525902,0,3
52.023749,-2.92175,2,0
54.66475,-5.6694700000000005,5,7
51.114372,1.322641,7,9
49.91847,-6.31642,5,6
52.473075,1.750085,9,4
60.15403,-1.14031,9,9
50.103007,-5.542779,3,9
51.70739,-5.05153,3,4
50.608501,-2.447945,7,5
51.211131,-4.112362,2,8
58.45661,-5.05008,9,2
58.20781,-6.3889700000000005,4,1
50.368401,-4.185217,4,8
49.18333,-2.11667,7,2
57.89525,-5.15789,0,0
51.55,-2.9874400000000003,7,9
58.44097,-3.08631,3,7
51.49999,-2.728468,8,9
51.57,-3.97544,4,0
55.98983,-3.18169,4,6
55.007415,-1.439769,7,3
53.31394,-4.62044,7,9
55.74981,-4.9063300000000005,6,2
53.63018,-0.18742,0,7
52.934316,1.301623,7,2
54.489967,-0.614597,2,3
52.01322,-4.983750000000001,2,5
54.08539,-4.76806,8,1
51.947978,1.292108,0,8
52.71933,-4.04503,3,2
50.781775,0.057004,9,2
55.20678,-6.65683,8,7
51.445627,0.7434149999999999,5,7
54.84256,-5.12003,9,6
50.80228,-1.11117,7,8
50.714331,-1.874873,8,3
57.14406,-2.07736,2,1
56.62311,-6.06422,3,5
53.33167,-3.82522,2,7
